municipio,codine,lat,lon,altitud
Abla,4001,37.141333,-2.779552,843.47998047
Abrucena,4002,37.133339,-2.7966,972.42999268
Adra,4003,36.749285,-3.014555,4.13999987
Albánchez,4004,37.287141,-2.181433,469.22000122
Alboloduy,4005,37.032782,-2.621786,383.23999023
Albox,4006,37.389533,-2.147988,424.22000122
Alcolea,4007,36.974476,-2.960926,750.25
Alcóntar,4008,37.335927,-2.597479,962.42999268
Alcudia de Monteagud,4009,37.235984,-2.266242,1011.7199707
Alhabia,4010,36.989457,-2.587275,287.86999512
Alhama de Almería,4011,36.957265,-2.570083,517.5300293
Alicún,4012,36.966198,-2.602299,420.98001099
Almería (capital),4013,36.839804,-2.467585,20.46999931
Almócita,4014,37.002779,-2.790385,832.66998291
Alsodux,4015,37.001569,-2.594425,316.82998657
Antas,4016,37.245247,-1.917422,104.95999908
Arboleas,4017,37.350331,-2.074705,280.57000732
Armuña de Almanzora,4018,37.350105,-2.411407,629.22998047
Bacares,4019,37.260723,-2.453265,1190.16003418
Balanegra,4904,36.748418,-2.906291,21.61000061
Bayárcal,4020,37.029829,-2.99507,1254.93994141
Bayarque,4021,37.330035,-2.436237,804.90997314
Bédar,4022,37.18941,-1.98197,388.8500061
Beires,4023,37.012205,-2.791411,929.90997314
Benahadux,4024,36.92577,-2.455477,114.41999817
Benitagla,4026,37.231074,-2.23845,944.53997803
Benizalón,4027,37.211707,-2.241565,926.67999268
Bentarique,4028,36.98654,-2.61936,326.32000732
Berja,4029,36.846306,-2.949297,334.79998779
Canjáyar,4030,37.009703,-2.739648,608.80999756
Cantoria,4031,37.352646,-2.193468,381.86999512
Carboneras,4032,36.997166,-1.894428,11.42000008
Castro de Filabres,4033,37.185199,-2.439819,950.71002197
Chercos,4036,37.266342,-2.257902,793.28997803
Chirivel,4037,37.595495,-2.26548,1036.69995117
Cóbdar,4034,37.262086,-2.210081,605.59997559
Cuevas del Almanzora,4035,37.29711,-1.881448,95.48999786
Dalías,4038,36.821009,-2.870127,411.05999756
Ejido (El),4902,36.774866,-2.812757,72.16999817
Enix,4041,36.877048,-2.60178,710.88000488
Felix,4043,36.868959,-2.657532,810.90002441
Fines,4044,37.358753,-2.262863,446.58999634
Fiñana,4045,37.171185,-2.840946,949.15997314
Fondón,4046,36.979731,-2.858784,845.02001953
Gádor,4047,36.954024,-2.493079,165.57000732
Gallardos (Los),4048,37.169521,-1.940058,115.91000366
Garrucha,4049,37.179377,-1.821953,7.15999985
Gérgal,4050,37.120625,-2.53806,744.35998535
Huécija,4051,36.968696,-2.610287,402.5
Huércal de Almería,4052,36.884734,-2.436113,72.06999969
Huércal-Overa,4053,37.390506,-1.943777,279.61999512
Illar,4054,36.985224,-2.639158,423.32998657
Instinción,4055,36.993251,-2.659915,429.89001465
Laroya,4056,37.296379,-2.331903,872.02001953
Láujar de Andarax,4057,36.994,-2.889521,906.15997314
Líjar,4058,37.295227,-2.220068,590.97998047
Lubrín,4059,37.215943,-2.067111,516.46002197
Lucainena de las Torres,4060,37.040185,-2.200936,549.14001465
Lúcar,4061,37.4011,-2.42424,911.75
Macael,4062,37.332129,-2.304833,538.04998779
María,4063,37.711233,-2.165775,1193.7800293
Mojácar,4064,37.139911,-1.851279,158.33999634
Mojonera (La),4903,36.752626,-2.688378,39.59000015
Nacimiento,4065,37.105229,-2.647996,595.05999756
Níjar,4066,36.965668,-2.206326,353.02999878
Ohanes,4067,37.037354,-2.745141,952.26000977
Olula de Castro,4068,37.174722,-2.474033,989.11999512
Olula del Río,4069,37.352162,-2.298208,490.1499939
Oria,4070,37.485139,-2.295063,1037.47998047
Padules,4071,36.998427,-2.772876,738.71002197
Partaloa,4072,37.405958,-2.226582,548.36999512
Paterna del Río,4073,37.021575,-2.952771,1197.20996094
Pechina,4074,36.916373,-2.440549,106.29000092
Pulpí,4075,37.409687,-1.746669,191.16000366
Purchena,4076,37.348487,-2.360905,532.32000732
Rágol,4077,36.995486,-2.681,402.29998779
Rioja,4078,36.943907,-2.462431,130.3999939
Roquetas de Mar,4079,36.764468,-2.615305,7.44999981
Santa Cruz de Marchena,4080,37.016678,-2.603248,328.85998535
Santa Fe de Mondújar,4081,36.974847,-2.530658,216.02999878
Senés,4082,37.204588,-2.347449,1013.09997559
Serón,4083,37.343639,-2.508749,800.28997803
Sierro,4084,37.32099,-2.399444,751.90997314
Somontín,4085,37.392458,-2.388426,827.98999023
Sorbas,4086,37.097995,-2.124218,402.30999756
Suflí,4087,37.338496,-2.389802,633.08001709
Tabernas,4088,37.049633,-2.392651,403.77999878
Taberno,4089,37.468207,-2.078566,700.47998047
Tahal,4090,37.227697,-2.284702,1011.67999268
Terque,4091,36.983861,-2.597189,277.83999634
Tíjola,4092,37.345251,-2.439779,680.95001221
Tres Villas (Las),4901,37.134358,-2.712001,686.23999023
Turre,4093,37.152403,-1.894763,48.06999969
Turrillas,4094,37.029838,-2.265112,838.67999268
Uleila del Campo,4095,37.185045,-2.203628,619.21002197
Urrácal,4096,37.397203,-2.365522,734.70001221
Velefique,4097,37.193416,-2.402742,903.10998535
Vélez-Blanco,4098,37.690814,-2.095522,1069.4699707
Vélez-Rubio,4099,37.647854,-2.074209,833.80999756
Vera,4100,37.246889,-1.868213,96.16000366
Viator,4101,36.889754,-2.426383,69.87999725
Vícar,4102,36.800205,-2.646388,105.84999847
Zurgena,4103,37.342604,-2.039624,241.02000427
Alcalá de los Gazules,11001,36.461918,-5.721263,167.00999451
Alcalá del Valle,11002,36.905025,-5.173264,618.86999512
Algar,11003,36.655279,-5.657568,205.30000305
Algeciras,11004,36.131684,-5.447767,18.11000061
Algodonales,11005,36.88073,-5.404604,365.58999634
Arcos de la Frontera,11006,36.747979,-5.806655,183.05000305
Barbate,11007,36.192893,-5.918854,10
Barrios (Los),11008,36.185533,-5.493038,21.89999962
Benalup-Casas Viejas,11901,36.346441,-5.812127,106.75
Benaocaz,11009,36.699493,-5.421256,792.98999023
Bornos,11010,36.815414,-5.744811,160.33000183
Bosque (El),11011,36.759293,-5.505291,285.05999756
Cádiz (capital),11012,36.529539,-6.292913,2.8599999
Castellar de la Frontera,11013,36.286044,-5.420114,27.09000015
Chiclana de la Frontera,11015,36.419699,-6.149286,5.51000023
Chipiona,11016,36.738002,-6.427671,5.82999992
Conil de la Frontera,11014,36.277038,-6.088055,30.07999992
Espera,11017,36.872679,-5.807175,144.80999756
Gastor (El),11018,36.854959,-5.323763,608.61999512
Grazalema,11019,36.758926,-5.366331,825.30999756
Jerez de la Frontera,11020,36.682877,-6.138431,44.58000183
Jimena de la Frontera,11021,36.434101,-5.453467,145.05000305
Línea de la Concepción (La),11022,36.160504,-5.351808,3.01999998
Medina-Sidonia,11023,36.456057,-5.927587,261.61999512
Olvera,11024,36.935369,-5.267563,603.13000488
Paterna de Rivera,11025,36.523191,-5.865788,123.01000214
Prado del Rey,11026,36.787564,-5.556617,431.13000488
Puerto de Santa María (El),11027,36.594655,-6.22782,3.97000003
Puerto Real,11028,36.528874,-6.192335,6.48000002
Puerto Serrano,11029,36.923848,-5.544358,162.58000183
Rota,11030,36.61842,-6.358085,9.22999954
San Fernando,11031,36.464911,-6.198771,19.28000069
San José del Valle,11902,36.605476,-5.79884,140.36999512
San Roque,11033,36.209636,-5.383813,103.58000183
Sanlúcar de Barrameda,11032,36.775012,-6.354649,27.60000038
Setenil de las Bodegas,11034,36.863958,-5.181404,560.27001953
Tarifa,11035,36.011581,-5.602094,8.38000011
Torre Alháquime,11036,36.915884,-5.234348,482.38000488
Trebujena,11037,36.869573,-6.176709,70.58000183
Ubrique,11038,36.677459,-5.443146,334.98999023
Vejer de la Frontera,11039,36.253361,-5.962855,167.30000305
Villaluenga del Rosario,11040,36.696409,-5.38633,867.48999023
Villamartín,11041,36.861156,-5.641523,168.36999512
Zahara,11042,36.840627,-5.390829,509.42001343
Adamuz,14001,38.027443,-4.524987,243.72999573
Aguilar de la Frontera,14002,37.515012,-4.656169,372.88000488
Alcaracejos,14003,38.388257,-4.967698,607.57000732
Almedinilla,14004,37.439002,-4.090714,628.35998535
Almodóvar del Río,14005,37.809532,-5.019826,110.76000214
Añora,14006,38.412229,-4.897914,625.07000732
Baena,14007,37.614388,-4.326432,427.88000488
Belalcázar,14008,38.578395,-5.167082,491.23001099
Belmez,14009,38.272403,-5.208721,527.59002686
Benamejí,14010,37.267541,-4.540447,455.48999023
Blázquez (Los),14011,38.406687,-5.438429,595.10998535
Bujalance,14012,37.897009,-4.382645,346.35998535
Cabra,14013,37.473344,-4.442479,450.79998779
Cañete de las Torres,14014,37.867528,-4.318804,321.86999512
Carcabuey,14015,37.443627,-4.273624,624.04998779
Cardeña,14016,38.270286,-4.323764,747.60998535
Carlota (La),14017,37.673578,-4.932812,213.53999329
Carpio (El),14018,37.940665,-4.498684,178.19999695
Castro del Río,14019,37.688753,-4.481677,237.46000671
Conquista,14020,38.408172,-4.501055,597.02001953
Córdoba (capital),14021,37.884984,-4.776235,111.01999664
Doña Mencía,14022,37.55447,-4.357639,590.26000977
Dos Torres,14023,38.445221,-4.894762,586.44000244
Encinas Reales,14024,37.272804,-4.487471,444.04998779
Espejo,14025,37.682438,-4.55225,389.69000244
Espiel,14026,38.188604,-5.018259,544.90997314
Fernán-Núñez,14027,37.671937,-4.724009,313.8500061
Fuente la Lancha,14028,38.422586,-5.048896,558.21002197
Fuente Obejuna,14029,38.267027,-5.419849,624.77001953
Fuente Palmera,14030,37.703505,-5.103925,157.63000488
Fuente-Tójar,14031,37.5093,-4.145245,606.88000488
Granjuela (La),14032,38.371032,-5.351398,553.07000732
Guadalcázar,14033,37.757421,-4.944792,160.32000732
Guijo (El),14034,38.496128,-4.782865,565.84002686
Hinojosa del Duque,14035,38.499452,-5.152051,545.23999023
Hornachuelos,14036,37.830749,-5.243372,148.91999817
Iznájar,14037,37.257258,-4.308411,517.76000977
Lucena,14038,37.408854,-4.485644,485.72000122
Luque,14039,37.559418,-4.276476,662.40002441
Montalbán de Córdoba,14040,37.582839,-4.749802,279.23001099
Montemayor,14041,37.648243,-4.699232,388.01000977
Montilla,14042,37.586221,-4.640479,373.77999878
Montoro,14043,38.026218,-4.381888,195.13999939
Monturque,14044,37.473342,-4.581772,376.33999634
Moriles,14045,37.435352,-4.608857,376.38000488
Nueva Carteya,14046,37.586209,-4.467187,431.80999756
Obejo,14047,38.134277,-4.800102,703.03997803
Palenciana,14048,37.249335,-4.583814,392.95001221
Palma del Río,14049,37.701711,-5.283386,55.72999954
Pedro Abad,14050,37.967199,-4.457219,161.5
Pedroche,14051,38.428729,-4.763228,620.92999268
Peñarroya-Pueblonuevo,14052,38.299784,-5.268556,534.59002686
Posadas,14053,37.800449,-5.107048,86.41999817
Pozoblanco,14054,38.377396,-4.848388,643.4699707
Priego de Córdoba,14055,37.438917,-4.194907,650.70001221
Puente Genil,14056,37.390452,-4.77043,215.72999573
Rambla (La),14057,37.607998,-4.742104,327.29000854
Rute,14058,37.325899,-4.37129,632.5300293
San Sebastián de los Ballesteros,14059,37.654722,-4.824905,311.79998779
Santa Eufemia,14061,38.595406,-4.902757,543.79998779
Santaella,14060,37.566401,-4.845447,238.22999573
Torrecampo,14062,38.475119,-4.679275,573.67999268
Valenzuela,14063,37.775477,-4.219725,342.10998535
Valsequillo,14064,38.40498,-5.351635,577.86999512
Victoria (La),14065,37.68106,-4.852287,263.89001465
Villa del Río,14066,37.982293,-4.290364,165.69000244
Villafranca de Córdoba,14067,37.961971,-4.546,144.13000488
Villaharta,14068,38.139569,-4.901534,571.48999023
Villanueva de Córdoba,14069,38.322916,-4.628366,723.91998291
Villanueva del Duque,14070,38.392914,-5.000235,581.35998535
Villanueva del Rey,14071,38.199697,-5.151431,551.40002441
Villaralto,14072,38.455682,-4.984342,581.03997803
Villaviciosa de Córdoba,14073,38.076236,-5.014256,696.75
Viso (El),14074,38.48269,-4.955481,574.63000488
Zuheros,14075,37.54354,-4.316572,658.96002197
Agrón,18001,37.030104,-3.829328,1059.98999023
Alamedilla,18002,37.581725,-3.244387,864.35998535
Albolote,18003,37.230548,-3.657339,649.47998047
Albondón,18004,36.827281,-3.211111,919.77001953
Albuñán,18005,37.227319,-3.13335,1115.43005371
Albuñol,18006,36.791937,-3.205847,243.91999817
Albuñuelas,18007,36.928082,-3.631948,731.67999268
Aldeire,18010,37.162661,-3.072466,1267.11999512
Alfacar,18011,37.23668,-3.570867,915.69000244
Algarinejo,18012,37.324969,-4.158785,596.30999756
Alhama de Granada,18013,37.002333,-3.988115,878.2199707
Alhendín,18014,37.107916,-3.645331,739.13000488
Alicún de Ortega,18015,37.607501,-3.137822,721.71002197
Almegíjar,18016,36.902507,-3.299573,805.55999756
Almuñécar,18017,36.733935,-3.691159,14.27000046
Alpujarra de la Sierra,18904,36.980846,-3.155549,1192.65002441
Alquife,18018,37.178857,-3.115089,1191.31005859
Arenas del Rey,18020,36.957938,-3.894029,866.2199707
Armilla,18021,37.142924,-3.627869,670.97998047
Atarfe,18022,37.222655,-3.686485,600.01000977
Baza,18023,37.49064,-2.774403,843.7199707
Beas de Granada,18024,37.215584,-3.481557,1077.06005859
Beas de Guadix,18025,37.27948,-3.205941,950.54998779
Benalúa,18027,37.350499,-3.166533,863.48999023
Benalúa de las Villas,18028,37.427462,-3.683348,844.78997803
Benamaurel,18029,37.608813,-2.698723,718.52001953
Bérchules,18030,36.976792,-3.190406,1331.20996094
Bubión,18032,36.94882,-3.356736,1300.04003906
Busquístar,18033,36.937765,-3.294789,1153.88000488
Cacín,18034,37.059881,-3.917068,700.51000977
Cádiar,18035,36.946403,-3.180378,925.22998047
Cájar,18036,37.134215,-3.570766,731.47998047
Calahorra (La),18114,37.181375,-3.064416,1193.72998047
Calicasas,18037,37.273452,-3.618514,758.39001465
Campotéjar,18038,37.481485,-3.616453,925.95001221
Caniles,18039,37.436252,-2.722161,903.89001465
Cáñar,18040,36.926103,-3.427846,1022.82000732
Capileira,18042,36.96132,-3.35851,1457.26000977
Carataunas,18043,36.922938,-3.40807,763.65997314
Cástaras,18044,36.931439,-3.25369,1000.58001709
Castilléjar,18045,37.714635,-2.643025,770.91998291
Castril,18046,37.795671,-2.77872,890.46002197
Cenes de la Vega,18047,37.159494,-3.538663,736.55999756
Chauchina,18059,37.201197,-3.772831,550.70001221
Chimeneas,18061,37.131158,-3.823279,696.47998047
Churriana de la Vega,18062,37.147688,-3.645997,656.35998535
Cijuela,18048,37.19975,-3.810344,540.5300293
Cogollos de Guadix,18049,37.224425,-3.161329,1138.06005859
Cogollos de la Vega,18050,37.274761,-3.574609,998.35998535
Colomera,18051,37.371653,-3.714027,841.75
Cortes de Baza,18053,37.655027,-2.769849,705.30999756
Cortes y Graena,18054,37.303739,-3.218759,967.52001953
Cuevas del Campo,18912,37.608653,-2.930687,830.88000488
Cúllar,18056,37.583537,-2.576013,886.33001709
Cúllar Vega,18057,37.153332,-3.670337,641.40997314
Darro,18063,37.349226,-3.292417,1114.02001953
Dehesas de Guadix,18064,37.58872,-3.102209,679.11999512
Dehesas Viejas,18065,37.47259,-3.551874,1014.2199707
Deifontes,18066,37.325209,-3.594458,737.5300293
Diezma,18067,37.321036,-3.331604,1225.90002441
Dílar,18068,37.075173,-3.601891,876.63000488
Dólar,18069,37.180004,-2.989343,1199.25
Domingo Pérez de Granada,18915,37.497209,-3.508484,973.90997314
Dúdar,18070,37.185748,-3.483683,805.72998047
Dúrcal,18071,36.987846,-3.565899,786.59002686
Escúzar,18072,37.061816,-3.761289,878.54998779
Ferreira,18074,37.172297,-3.036104,1273.04003906
Fonelas,18076,37.413556,-3.173364,789.25
Freila,18078,37.528715,-2.906763,823.55999756
Fuente Vaqueros,18079,37.219592,-3.78308,544.86999512
Gabias (Las),18905,37.136481,-3.669222,678.08001709
Galera,18082,37.742936,-2.551189,834.27001953
Gobernador,18083,37.477373,-3.320578,1039.98999023
Gójar,18084,37.104452,-3.605663,796.64001465
Gor,18085,37.36958,-2.969437,1238.47998047
Gorafe,18086,37.479484,-3.042928,849.01000977
Granada (capital),18087,37.17433,-3.598653,679.5300293
Guadahortuna,18088,37.556468,-3.40077,966.40002441
Guadix,18089,37.300458,-3.134481,909.78997803
Guajares (Los),18906,36.841566,-3.584333,323.25
Gualchos,18093,36.722559,-3.35931,5.05000019
Güejar Sierra,18094,37.159859,-3.438513,1086.32995605
Güevéjar,18095,37.256856,-3.597672,876.95001221
Huélago,18096,37.419788,-3.260167,910.45001221
Huéneja,18097,37.176897,-2.948302,1148.23999023
Huéscar,18098,37.809532,-2.539589,951.59997559
Huétor de Santillán,18099,37.218314,-3.517341,1025.34997559
Huétor Tájar,18100,37.194383,-4.047191,484.36999512
Huétor Vega,18101,37.145463,-3.569772,751.28997803
Illora,18102,37.288585,-3.879583,775.64001465
Itrabo,18103,36.799578,-3.638671,388.25
Iznalloz,18105,37.392578,-3.529837,803.05999756
Jayena,18107,36.948919,-3.822867,914.14001465
Jerez del Marquesado,18108,37.183902,-3.159787,1236.61999512
Jete,18109,36.797355,-3.667876,139.49000549
Jun,18111,37.220706,-3.594422,764.20001221
Juviles,18112,36.948215,-3.225747,1258.13000488
Láchar,18115,37.195029,-3.834029,556.57000732
Lanjarón,18116,36.918093,-3.480523,656.33001709
Lanteira,18117,37.168888,-3.138501,1273.10998535
Lecrín,18119,36.947994,-3.550565,708.52001953
Lentegí,18120,36.834357,-3.6746,631.84997559
Lobras,18121,36.92914,-3.21245,918.16998291
Loja,18122,37.166604,-4.150049,486.04000854
Lugros,18123,37.229845,-3.240861,1247.59997559
Lújar,18124,36.786705,-3.404706,511.20001221
Malahá (La),18126,37.101558,-3.722587,710.44000244
Maracena,18127,37.207232,-3.63439,657.58001709
Marchal,18128,37.296356,-3.202383,937.47998047
Moclín,18132,37.340044,-3.785836,1004.57000732
Molvízar,18133,36.786816,-3.607438,234.5
Monachil,18134,37.131624,-3.539292,806
Montefrío,18135,37.320884,-4.01132,838.19000244
Montejícar,18136,37.57186,-3.503816,1131.68994141
Montillana,18137,37.500051,-3.671881,1015.76000977
Moraleda de Zafayona,18138,37.169735,-3.965105,622.82000732
Morelábor,18909,37.439236,-3.330814,1083.56994629
Motril,18140,36.745091,-3.520302,37.27999878
Murtas,18141,36.887385,-3.108975,1116.13000488
Nevada,18903,37.008294,-3.014593,1010.32000732
Nigüelas,18143,36.977406,-3.539144,933.67999268
Nívar,18144,37.257919,-3.577942,1040.42004395
Ogíjares,18145,37.120102,-3.606701,720.75
Orce,18146,37.721424,-2.479266,926.5
Órgiva,18147,36.902229,-3.423895,460.17999268
Otívar,18148,36.81495,-3.681488,265.51000977
Otura,18149,37.094342,-3.635014,779.09997559
Padul,18150,37.024364,-3.626671,754.71002197
Pampaneira,18151,36.940047,-3.361398,1056.27001953
Pedro Martínez,18152,37.501711,-3.230609,1035.17004395
Peligros,18153,37.230841,-3.628789,689.27001953
Peza (La),18154,37.27562,-3.284715,996.35998535
Pinar (El),18910,36.912791,-3.553768,686.64001465
Pinos Genil,18157,37.163243,-3.502917,773.96002197
Pinos Puente,18158,37.251665,-3.749438,577.55999756
Píñar,18159,37.442584,-3.44061,914.33001709
Polícar,18161,37.257355,-3.232839,1153.82995605
Polopos,18162,36.746341,-3.278661,2.05999994
Pórtugos,18163,36.942339,-3.310296,1320.38000488
Puebla de Don Fadrique,18164,37.95806,-2.434914,1159.26000977
Pulianas,18165,37.222638,-3.608192,728.78997803
Purullena,18167,37.31755,-3.190846,912.32000732
Quéntar,18168,37.192063,-3.468211,847.83001709
Rubite,18170,36.808847,-3.347964,794.03997803
Salar,18171,37.152435,-4.066863,537.45001221
Salobreña,18173,36.743134,-3.588271,67.68000031
Santa Cruz del Comercio,18174,37.060523,-3.976348,741.54998779
Santa Fe,18175,37.18951,-3.718098,580.79998779
Soportújar,18176,36.928435,-3.40495,926.90002441
Sorvilán,18177,36.79437,-3.267336,757.86999512
Taha (La),18901,36.936019,-3.325925,1251.02001953
Torre-Cardela,18178,37.504611,-3.355839,1215.35998535
Torvizcón,18179,36.877897,-3.298511,667.35998535
Trevélez,18180,37.002515,-3.266432,1543.15002441
Turón,18181,36.863656,-3.057704,698.91998291
Ugíjar,18182,36.960986,-3.05454,547.40997314
Valderrubio,18914,37.236024,-3.817556,545.09002686
Valle (El),18902,36.928986,-3.581625,538.40997314
Valle del Zalabí,18907,37.262526,-3.100058,1001.53997803
Válor,18183,36.996329,-3.080909,908.98999023
Vegas del Genil,18911,37.171963,-3.665378,617.72998047
Vélez de Benaudalla,18184,36.831965,-3.516017,174.66000366
Ventas de Huelma,18185,37.066884,-3.821149,864.35998535
Villamena,18908,36.99081,-3.589366,764.95001221
Villanueva de las Torres,18187,37.556602,-3.090199,643.76000977
Villanueva Mesía,18188,37.214202,-4.011366,494.70001221
Víznar,18189,37.231138,-3.55388,1078.93994141
Zafarraya,18192,36.973733,-4.141557,893.23999023
Zagra,18913,37.253533,-4.168099,685
Zubia (La),18193,37.120597,-3.584906,744.53997803
Zújar,18194,37.541053,-2.84211,766.85998535
Fornes,18077,36.95446,-3.855482,851.85998535
Játar,18106,36.934147,-3.9094,973.47998047
Alájar,21001,37.874717,-6.665922,577.20001221
Aljaraque,21002,37.271086,-7.021507,30.75
Almendro (El),21003,37.507055,-7.270293,231.13000488
Almonaster la Real,21004,37.87181,-6.787712,574.54998779
Almonte,21005,37.262293,-6.518126,74.37999725
Alosno,21006,37.549245,-7.113934,179.32000732
Aracena,21007,37.8921,-6.55961,673.05999756
Aroche,21008,37.944256,-6.953943,411.51000977
Arroyomolinos de León,21009,38.024684,-6.42384,594.70001221
Ayamonte,21010,37.214251,-7.409304,2.93000007
Beas,21011,37.426171,-6.792004,118.94000244
Berrocal,21012,37.608989,-6.542644,297.01000977
Bollullos Par del Condado,21013,37.335877,-6.535482,107.51000214
Bonares,21014,37.321604,-6.683188,70
Cabezas Rubias,21015,37.72564,-7.087043,219.61999512
Cala,21016,37.971878,-6.315515,583.4699707
Calañas,21017,37.654656,-6.878593,296.98999023
Campillo (El),21018,37.69324,-6.629671,430.8500061
Campofrío,21019,37.767421,-6.572638,516.51000977
Cañaveral de León,21020,38.014444,-6.527546,540.90997314
Cartaya,21021,37.282973,-7.155092,19.29000092
Castaño del Robledo,21022,37.895087,-6.70367,743.03997803
Cerro de Andévalo (El),21023,37.735233,-6.939448,299.07998657
Chucena,21030,37.361813,-6.393668,144.58000183
Corteconcepción,21024,37.895863,-6.506386,577.76000977
Cortegana,21025,37.910201,-6.820645,672.84002686
Cortelazor,21026,37.935812,-6.624681,621.32000732
Cumbres de Enmedio,21027,38.072467,-6.693135,589.2199707
Cumbres de San Bartolomé,21028,38.077346,-6.74326,578.73999023
Cumbres Mayores,21029,38.06235,-6.646758,685.04998779
Encinasola,21031,38.134898,-6.872594,427.29998779
Escacena del Campo,21032,37.410155,-6.389107,169.75
Fuenteheridos,21033,37.903759,-6.661149,703.07000732
Galaroza,21034,37.926461,-6.712125,546.92999268
Gibraleón,21035,37.374852,-6.970498,25.04000092
Granada de Río-Tinto (La),21036,37.768417,-6.508061,432.70999146
Granado (El),21037,37.52076,-7.416505,135
Higuera de la Sierra,21038,37.838157,-6.447506,622.64001465
Hinojales,21039,38.008693,-6.591407,610.95001221
Hinojos,21040,37.292538,-6.376469,80.16000366
Huelva (capital),21041,37.256739,-6.949734,9.72999954
Isla Cristina,21042,37.199458,-7.325079,1.73000002
Jabugo,21043,37.916798,-6.728944,652.72998047
Lepe,21044,37.254189,-7.203326,18.39999962
Linares de la Sierra,21045,37.879821,-6.620206,472.48001099
Lucena del Puerto,21046,37.303974,-6.730062,82.48999786
Manzanilla,21047,37.387962,-6.429294,159.13000488
Marines (Los),21048,37.903016,-6.623085,717.34997559
Minas de Riotinto,21049,37.693468,-6.591705,416.51000977
Moguer,21050,37.274516,-6.838557,48.58000183
Nava (La),21051,37.96364,-6.745434,418.47000122
Nerva,21052,37.695109,-6.550837,329.58999634
Niebla,21053,37.360291,-6.679246,38.58000183
Palma del Condado (La),21054,37.388147,-6.552489,88.76999664
Palos de la Frontera,21055,37.228504,-6.893729,20.26000023
Paterna del Campo,21056,37.421371,-6.402011,176.46000671
Paymogo,21057,37.740804,-7.346117,176.36000061
Puebla de Guzmán,21058,37.612901,-7.247412,195.72000122
Puerto Moral,21059,37.892861,-6.478227,522.30999756
Punta Umbría,21060,37.18061,-6.958823,2.74000001
Rociana del Condado,21061,37.30801,-6.598273,96.51999664
Rosal de la Frontera,21062,37.967379,-7.220409,223.57000732
San Bartolomé de la Torre,21063,37.446317,-7.106541,126.41000366
San Juan del Puerto,21064,37.314234,-6.84066,5.5999999
San Silvestre de Guzmán,21066,37.388418,-7.349871,151.58000183
Sanlúcar de Guadiana,21065,37.473144,-7.46765,7.76999998
Santa Ana la Real,21067,37.863988,-6.724827,637.45001221
Santa Bárbara de Casa,21068,37.796726,-7.189253,308.6499939
Santa Olalla del Cala,21069,37.90622,-6.229441,515.75
Trigueros,21070,37.383492,-6.83489,75.83000183
Valdelarco,21071,37.950666,-6.683443,621.98999023
Valverde del Camino,21072,37.573391,-6.753386,274.01998901
Villablanca,21073,37.303596,-7.341675,91.02999878
Villalba del Alcor,21074,37.397587,-6.477064,156.77999878
Villanueva de las Cruces,21075,37.627726,-7.024276,118.45999908
Villanueva de los Castillejos,21076,37.500646,-7.272717,222.42999268
Villarrasa,21077,37.390023,-6.606462,65.31999969
Zalamea la Real,21078,37.679867,-6.660916,399.14001465
Zufre,21079,37.834091,-6.338769,452.60998535
Albanchez de Mágina,23001,37.791609,-3.468438,851.72998047
Alcalá la Real,23002,37.463541,-3.925037,918.70001221
Alcaudete,23003,37.591023,-4.086685,663.96002197
Aldeaquemada,23004,38.411912,-3.371652,698.14001465
Andújar,23005,38.036749,-4.05448,209.49000549
Arjona,23006,37.936643,-4.055104,443.70001221
Arjonilla,23007,37.973553,-4.106816,344.23001099
Arquillos,23008,38.18205,-3.431089,379.79998779
Arroyo del Ojanco,23905,38.320926,-2.894915,533.46002197
Baeza,23009,37.99353,-3.469582,750.42999268
Bailén,23010,38.096026,-3.774887,347.22000122
Baños de la Encina,23011,38.171024,-3.774108,405.48999023
Beas de Segura,23012,38.252516,-2.890076,574.77001953
Bedmar y Garcíez,23902,37.822947,-3.411624,636.25
Begíjar,23014,37.984739,-3.534479,554.35998535
Bélmez de la Moraleda,23015,37.724204,-3.382346,857.26000977
Benatae,23016,38.352611,-2.650677,854.70001221
Cabra del Santo Cristo,23017,37.705112,-3.286057,939.15002441
Cambil,23018,37.677173,-3.565062,757.2199707
Campillo de Arenas,23019,37.555998,-3.635897,869.70001221
Canena,23020,38.048451,-3.481982,518.51000977
Carboneros,23021,38.229516,-3.631381,406
Cárcheles,23901,37.634415,-3.641079,800.29998779
Carolina (La),23024,38.274361,-3.615138,593.51000977
Castellar,23025,38.256139,-3.128785,756.0300293
Castillo de Locubín,23026,37.528294,-3.943778,695.21002197
Cazalilla,23027,37.984497,-3.88221,300.5
Cazorla,23028,37.910638,-3.001893,799.2800293
Chiclana de Segura,23029,38.312302,-3.042803,881.78997803
Chilluévar,23030,38.001452,-3.030893,742.7199707
Escañuela,23031,37.878579,-4.03309,315.44000244
Espelúy,23032,38.033097,-3.861839,277.67001343
Frailes,23033,37.485954,-3.837219,942.38000488
Fuensanta de Martos,23034,37.647606,-3.90546,715.72998047
Fuerte del Rey,23035,37.874076,-3.884152,440.30999756
Génave,23037,38.430154,-2.732817,829.5
Guardia de Jaén (La),23038,37.742481,-3.692987,602.53997803
Guarromán,23039,38.181448,-3.6865,344.77999878
Higuera de Calatrava,23041,37.797361,-4.155346,326.64001465
Hinojares,23042,37.715467,-2.999234,659.27001953
Hornos,23043,38.216663,-2.720453,823.47998047
Huelma,23044,37.65022,-3.459621,987.55999756
Huesa,23045,37.764212,-3.078262,631.46002197
Ibros,23046,38.022903,-3.50232,596.15997314
Iruela (La),23047,37.920461,-2.993969,937.96002197
Iznatoraf,23048,38.157677,-3.032711,1037.31005859
Jabalquinto,23049,38.019321,-3.724011,485
Jaén (capital),23050,37.76451,-3.790981,572.84002686
Jamilena,23051,37.74717,-3.912256,748.89001465
Jimena,23052,37.841339,-3.476352,607.14001465
Jódar,23053,37.844247,-3.352858,649.94000244
Lahiguera,23040,37.970707,-3.989281,371.32998657
Larva,23054,37.759877,-3.202211,731.13000488
Linares,23055,38.093812,-3.636206,406.02999878
Lopera,23056,37.943603,-4.214981,269.3999939
Lupión,23057,37.99662,-3.546958,500.57000732
Mancha Real,23058,37.786522,-3.612644,757.14001465
Marmolejo,23059,38.044669,-4.170882,244.44000244
Martos,23060,37.722789,-3.965924,743.95001221
Mengíbar,23061,37.968441,-3.808595,315.30999756
Montizón,23062,38.342609,-3.103986,644.96002197
Navas de San Juan,23063,38.185102,-3.315514,654.75
Noalejo,23064,37.529498,-3.653725,1083.93005371
Orcera,23065,38.317781,-2.659363,801.32000732
Peal de Becerro,23066,37.913146,-3.121496,547.09002686
Pegalajar,23067,37.737924,-3.650932,797.53997803
Porcuna,23069,37.870918,-4.184529,465.29998779
Pozo Alcón,23070,37.70515,-2.934247,860.75
Puente de Génave,23071,38.35346,-2.804388,544.97998047
Puerta de Segura (La),23072,38.348571,-2.737185,580.82000732
Quesada,23073,37.84513,-3.067683,677.39001465
Rus,23074,38.047905,-3.461907,583.80999756
Sabiote,23075,38.069146,-3.306575,829.42999268
Santa Elena,23076,38.339125,-3.539043,742.23999023
Santiago de Calatrava,23077,37.75306,-4.169481,390.94000244
Santiago-Pontones,23904,38.112698,-2.551625,1327
Santisteban del Puerto,23079,38.247549,-3.206459,701.89001465
Santo Tomé,23080,38.02819,-3.101793,452.38000488
Segura de la Sierra,23081,38.2978,-2.651532,1086.80004883
Siles,23082,38.387583,-2.581489,826.5
Sorihuela del Guadalimar,23084,38.23908,-3.054679,622.71002197
Torre del Campo,23086,37.770414,-3.897022,645.32000732
Torreblascopedro,23085,37.997572,-3.636622,333.8999939
Torredonjimeno,23087,37.765769,-3.95876,586.57000732
Torreperogil,23088,38.034622,-3.287702,749.2800293
Torres,23090,37.786082,-3.509667,881.63000488
Torres de Albánchez,23091,38.41433,-2.676966,825.5300293
Úbeda,23092,38.008069,-3.36789,729.09997559
Valdepeñas de Jaén,23093,37.590299,-3.819723,915.11999512
Vilches,23094,38.204719,-3.507691,536.92999268
Villacarrillo,23095,38.115416,-3.087534,785.08001709
Villanueva de la Reina,23096,38.005041,-3.919602,219.8500061
Villanueva del Arzobispo,23097,38.169294,-3.010185,664.65997314
Villardompardo,23098,37.839624,-4.001397,442.48001099
Villares (Los),23099,37.689351,-3.818487,633.0300293
Villarrodrigo,23101,38.48801,-2.636177,868.19000244
Villatorres,23903,37.939832,-3.72999,347.63000488
Alameda,29001,37.207774,-4.660575,457.63000488
Alcaucín,29002,36.902359,-4.114274,509.1499939
Alfarnate,29003,36.995167,-4.261057,886.32000732
Alfarnatejo,29004,36.979435,-4.272925,851.98999023
Algarrobo,29005,36.772643,-4.038978,64.51000214
Algatocín,29006,36.572789,-5.276554,687.77001953
Alhaurín de la Torre,29007,36.663365,-4.561152,94.95999908
Alhaurín el Grande,29008,36.641968,-4.691618,263.29998779
Almáchar,29009,36.809178,-4.217417,231.55000305
Almargen,29010,37.001316,-5.023091,505.18185425
Almogía,29011,36.825379,-4.540476,346.45999146
Álora,29012,36.82289,-4.70702,209.07000732
Alozaina,29013,36.727621,-4.856557,368.30999756
Alpandeire,29014,36.634274,-5.203044,700.39001465
Antequera,29015,37.019393,-4.56246,511.3500061
Árchez,29016,36.838545,-3.990114,444.22000122
Archidona,29017,37.094834,-4.387459,712.27001953
Ardales,29018,36.878021,-4.846607,404.75
Arenas,29019,36.81537,-4.045251,396.29000854
Arriate,29020,36.798845,-5.141867,596.9699707
Atajate,29021,36.64012,-5.245067,746.72998047
Benadalid,29022,36.606086,-5.268884,698.57000732
Benahavís,29023,36.524617,-5.046527,173.69999695
Benalauría,29024,36.594143,-5.261045,668.2199707
Benalmádena,29025,36.59504,-4.573271,236.71000671
Benamargosa,29026,36.834994,-4.194083,109.77999878
Benamocarra,29027,36.791154,-4.160346,135.97000122
Benaoján,29028,36.718802,-5.25313,568.80999756
Benarrabá,29029,36.551695,-5.276436,529.38000488
Borge (El),29030,36.814272,-4.233965,242.32000732
Burgo (El),29031,36.789058,-4.94682,576.65002441
Campillos,29032,37.044989,-4.8614,459.73001099
Canillas de Aceituno,29033,36.873299,-4.081781,657.10998535
Canillas de Albaida,29034,36.846336,-3.987589,578.04998779
Cañete la Real,29035,36.951601,-5.024117,735.78997803
Carratraca,29036,36.851607,-4.818123,529.73999023
Cartajima,29037,36.645738,-5.153835,851.20001221
Cártama,29038,36.709931,-4.631295,112.72000122
Casabermeja,29039,36.893025,-4.430079,558.63000488
Casarabonela,29040,36.785158,-4.842721,486.79000854
Casares,29041,36.444101,-5.272341,359.10998535
Coín,29042,36.658961,-4.760486,211.22000122
Colmenar,29043,36.905129,-4.335074,672.34997559
Comares,29044,36.848859,-4.246746,701.82000732
Cómpeta,29045,36.834247,-3.976666,636.91998291
Cortes de la Frontera,29046,36.616847,-5.342822,617.63000488
Cuevas Bajas,29047,37.235812,-4.487174,312.94000244
Cuevas de San Marcos,29049,37.269474,-4.414288,412.73999023
Cuevas del Becerro,29048,36.876364,-5.045744,731.35998535
Cútar,29050,36.831069,-4.228435,324.66000366
Estepona,29051,36.425529,-5.147395,15.47999954
Faraján,29052,36.616337,-5.188787,640.45001221
Frigiliana,29053,36.79257,-3.898092,318.11999512
Fuengirola,29054,36.53807,-4.623056,3.72000003
Fuente de Piedra,29055,37.135211,-4.729682,440.92999268
Gaucín,29056,36.518231,-5.317573,619.0300293
Genalguacil,29057,36.545284,-5.236041,514.07000732
Guaro,29058,36.656559,-4.833128,342.07998657
Humilladero,29059,37.114431,-4.702613,446.8999939
Igualeja,29060,36.631722,-5.121913,728.01000977
Istán,29061,36.582485,-4.949135,287.82998657
Iznate,29062,36.776079,-4.183539,317.39001465
Jimera de Líbar,29063,36.651531,-5.274192,538.60998535
Jubrique,29064,36.564308,-5.215091,566.33001709
Júzcar,29065,36.625418,-5.170291,622.20001221
Macharaviaya,29066,36.762404,-4.215166,244.24000549
Málaga (capital),29067,36.72034,-4.414939,5.94999981
Manilva,29068,36.376994,-5.249364,130.8999939
Marbella,29069,36.510523,-4.885085,24
Mijas,29070,36.59647,-4.636774,400.10998535
Moclinejo,29071,36.771333,-4.253764,439.39001465
Mollina,29072,37.125706,-4.656965,476.27999878
Monda,29073,36.630208,-4.832257,364.3500061
Montecorto,29903,36.815658,-5.296733,491.45999146
Montejaque,29074,36.733633,-5.25147,691.92999268
Nerja,29075,36.745569,-3.876723,21.52000046
Ojén,29076,36.564261,-4.856554,309.92001343
Parauta,29077,36.656032,-5.128802,812.5
Periana,29079,36.928499,-4.192059,551.34002686
Pizarra,29080,36.767264,-4.707717,85.98000336
Pujerra,29081,36.612681,-5.15026,775.55999756
Rincón de la Victoria,29082,36.715405,-4.285561,3.20000005
Riogordo,29083,36.914589,-4.293612,381.23001099
Ronda,29084,36.736957,-5.164807,721.07000732
Salares,29085,36.854313,-4.024233,550.48999023
Sayalonga,29086,36.79792,-4.01215,362.42001343
Sedella,29087,36.862758,-4.033305,696.34002686
Serrato,29904,36.886072,-4.981196,510.54000854
Sierra de Yeguas,29088,37.124676,-4.868671,449.23999023
Teba,29089,36.983382,-4.9206,531.78997803
Tolox,29090,36.687098,-4.904478,308.08999634
Torremolinos,29901,36.622266,-4.50056,44.65999985
Torrox,29091,36.758454,-3.952673,148.80999756
Totalán,29092,36.765541,-4.29731,297.1000061
Valle de Abdalajís,29093,36.931262,-4.682912,341.32998657
Vélez-Málaga,29094,36.783177,-4.102035,65.41999817
Villanueva de Algaidas,29095,37.185532,-4.450036,543.57000732
Villanueva de la Concepción,29902,36.932526,-4.528983,606.9699707
Villanueva de Tapia,29098,37.181893,-4.335472,654.86999512
Villanueva del Rosario,29096,36.996438,-4.364999,689.28997803
Villanueva del Trabuco,29097,37.02792,-4.338743,680.61999512
Viñuela,29099,36.861911,-4.141209,161.77999878
Yunquera,29100,36.73174,-4.920861,678.52001953
Aguadulce,41001,37.252739,-4.991359,268.1000061
Alanís,41002,38.037746,-5.715076,670.01000977
Albaida del Aljarafe,41003,37.426978,-6.166026,163.49000549
Alcalá de Guadaíra,41004,37.33384,-5.84913,36.66999817
Alcalá del Río,41005,37.518241,-5.978853,31.95999908
Alcolea del Río,41006,37.614445,-5.671275,31.79999924
Algaba (La),41007,37.461912,-6.014001,9.31999969
Algámitas,41008,37.016238,-5.150206,420.05999756
Almadén de la Plata,41009,37.873789,-6.080053,451.26000977
Almensilla,41010,37.309263,-6.114009,43.72000122
Arahal,41011,37.262524,-5.544516,112.90000153
Aznalcázar,41012,37.304025,-6.250828,65.30000305
Aznalcóllar,41013,37.523746,-6.269394,136.83000183
Badolatosa,41014,37.307874,-4.674225,218.8500061
Benacazón,41015,37.353479,-6.198981,120.80000305
Bollullos de la Mitación,41016,37.340361,-6.138735,88.59999847
Bormujos,41017,37.372226,-6.07128,100.84999847
Brenes,41018,37.55054,-5.873083,17.95000076
Burguillos,41019,37.585777,-5.967466,77.30000305
Cabezas de San Juan (Las),41020,36.981739,-5.94008,68.34999847
Camas,41021,37.400945,-6.03287,7.61000013
Campana (La),41022,37.569452,-5.426364,132.47000122
Cantillana,41023,37.60709,-5.826521,24.56999969
Cañada Rosal,41901,37.599343,-5.209635,155.25999451
Carmona,41024,37.472424,-5.638221,234.41000366
Carrión de los Céspedes,41025,37.368613,-6.32885,98.55999756
Casariche,41026,37.294457,-4.759777,303.48001099
Castilblanco de los Arroyos,41027,37.674969,-5.99014,326.29000854
Castilleja de Guzmán,41028,37.40897,-6.058209,132.63999939
Castilleja de la Cuesta,41029,37.386973,-6.05272,97.90000153
Castilleja del Campo,41030,37.385811,-6.334326,118.84999847
Castillo de las Guardas (El),41031,37.691785,-6.314303,348.98999023
Cazalla de la Sierra,41032,37.929704,-5.760459,583.88000488
Constantina,41033,37.872777,-5.618705,554.59997559
Coria del Río,41034,37.285217,-6.051526,7
Coripe,41035,36.970373,-5.440747,323.41000366
Coronil (El),41036,37.082367,-5.633263,132.63999939
Corrales (Los),41037,37.097617,-4.983118,384.13000488
Cuervo de Sevilla (El),41903,36.853431,-6.040733,58.75
Dos Hermanas,41038,37.283725,-5.922342,40.77999878
Écija,41039,37.540843,-5.080175,102.70999908
Espartinas,41040,37.380134,-6.123121,127.33000183
Estepa,41041,37.291767,-4.878185,532.01000977
Fuentes de Andalucía,41042,37.462179,-5.349098,173.44000244
Garrobo (El),41043,37.625346,-6.172389,265.76000977
Gelves,41044,37.336656,-6.025137,4.55999994
Gerena,41045,37.525625,-6.157673,93.23999786
Gilena,41046,37.251284,-4.913288,463.63000488
Gines,41047,37.387126,-6.078118,117.18000031
Guadalcanal,41048,38.092109,-5.820671,664.95001221
Guillena,41049,37.539237,-6.052099,19.82999992
Herrera,41050,37.364555,-4.850463,247.00999451
Huévar del Aljarafe,41051,37.356336,-6.276693,66.70999908
Isla Mayor,41902,37.131391,-6.165388,2.94000006
Lantejuela (La),41052,37.353758,-5.22303,149.80000305
Lebrija,41053,36.919673,-6.078565,30.80999947
Lora de Estepa,41054,37.26827,-4.827851,446.20999146
Lora del Río,41055,37.654545,-5.530762,38.75999832
Luisiana (La),41056,37.526347,-5.248579,165.83999634
Madroño (El),41057,37.645643,-6.512062,357.45001221
Mairena del Alcor,41058,37.373113,-5.747687,125.86000061
Mairena del Aljarafe,41059,37.344652,-6.065269,64.73999786
Marchena,41060,37.33009,-5.416085,129.52000427
Marinaleda,41061,37.369169,-4.960971,201.49000549
Martín de la Jara,41062,37.106582,-4.961842,403.6000061
Molares (Los),41063,37.155462,-5.719633,75.01000214
Montellano,41064,36.995725,-5.570829,270.64001465
Morón de la Frontera,41065,37.122228,-5.451985,230.19000244
Navas de la Concepción (Las),41066,37.93297,-5.465183,428.82998657
Olivares,41067,37.418894,-6.155864,166.97999573
Osuna,41068,37.237041,-5.102536,296.41000366
Palacios y Villafranca (Los),41069,37.158738,-5.924309,6.11999989
Palomares del Río,41070,37.322752,-6.05768,35.36999893
Paradas,41071,37.289793,-5.497195,119.80000305
Pedrera,41072,37.226251,-4.893513,460.30999756
Pedroso (El),41073,37.842229,-5.763444,407.5
Peñaflor,41074,37.707478,-5.346211,51.68999863
Pilas,41075,37.301617,-6.302494,66.31999969
Pruna,41076,36.971725,-5.220973,551.65002441
Puebla de Cazalla (La),41077,37.224411,-5.312343,172.22000122
Puebla de los Infantes (La),41078,37.778596,-5.388922,229.99000549
Puebla del Río (La),41079,37.267465,-6.062643,19.54999924
Real de la Jara (El),41080,37.950092,-6.15548,460.69000244
Rinconada (La),41081,37.487777,-5.979389,11.02999973
Roda de Andalucía (La),41082,37.201126,-4.779205,402.52999878
Ronquillo (El),41083,37.725483,-6.17708,334.83999634
Rubio (El),41084,37.355793,-4.988942,204.36000061
Salteras,41085,37.418261,-6.111646,151.71000671
San Juan de Aznalfarache,41086,37.359749,-6.027865,8.39999962
San Nicolás del Puerto,41088,37.993521,-5.653005,587.51000977
Sanlúcar la Mayor,41087,37.385657,-6.201656,133.88999939
Santiponce,41089,37.438926,-6.038483,13.88000011
Saucejo (El),41090,37.070037,-5.096528,533.91998291
Sevilla (capital),41091,37.38859,-5.9946,5.28000021
Tocina,41092,37.609887,-5.733054,24.34000015
Tomares,41093,37.373998,-6.045256,64.62999725
Umbrete,41094,37.369939,-6.158052,120.01999664
Utrera,41095,37.183119,-5.781334,45.34000015
Valencina de la Concepción,41096,37.416187,-6.076705,150.94999695
Villamanrique de la Condesa,41097,37.247588,-6.307045,30.5
Villanueva de San Juan,41100,37.050492,-5.176467,479.45999146
Villanueva del Ariscal,41098,37.395757,-6.141882,150.86000061
Villanueva del Río y Minas,41099,37.664289,-5.716611,51.86999893
Villaverde del Río,41101,37.588101,-5.873701,17.10000038
Viso del Alcor (El),41102,37.388278,-5.719318,145.13999939
