municipio,ine,lat,lng
Abla,4001,"37,141333","-2,779552"
Abrucena,4002,"37,133339","-2,7966"
Adra,4003,"36,749285","-3,014555"
Albánchez,4004,"37,287141","-2,181433"
Alboloduy,4005,"37,032782","-2,621786"
Albox,4006,"37,389533","-2,147988"
Alcolea,4007,"36,974476","-2,960926"
Alcóntar,4008,"37,335927","-2,597479"
Alcudia de Monteagud,4009,"37,235984","-2,266242"
Alhabia,4010,"36,989457","-2,587275"
Alhama de Almería,4011,"36,957265","-2,570083"
Alicún,4012,"36,966198","-2,602299"
Almería (capital),4013,"36,839804","-2,467585"
Almócita,4014,"37,002779","-2,790385"
Alsodux,4015,"37,001569","-2,594425"
Antas,4016,"37,245247","-1,917422"
Arboleas,4017,"37,350331","-2,074705"
Armuña de Almanzora,4018,"37,350105","-2,411407"
Bacares,4019,"37,260723","-2,453265"
Balanegra,4904,"36,748418","-2,906291"
Bayárcal,4020,"37,029829","-2,99507"
Bayarque,4021,"37,330035","-2,436237"
Bédar,4022,"37,18941","-1,98197"
Beires,4023,"37,012205","-2,791411"
Benahadux,4024,"36,92577","-2,455477"
Benitagla,4026,"37,231074","-2,23845"
Benizalón,4027,"37,211707","-2,241565"
Bentarique,4028,"36,98654","-2,61936"
Berja,4029,"36,846306","-2,949297"
Canjáyar,4030,"37,009703","-2,739648"
Cantoria,4031,"37,352646","-2,193468"
Carboneras,4032,"36,997166","-1,894428"
Castro de Filabres,4033,"37,185199","-2,439819"
Chercos,4036,"37,266342","-2,257902"
Chirivel,4037,"37,595495","-2,26548"
Cóbdar,4034,"37,262086","-2,210081"
Cuevas del Almanzora,4035,"37,29711","-1,881448"
Dalías,4038,"36,821009","-2,870127"
Ejido (El),4902,"36,774866","-2,812757"
Enix,4041,"36,877048","-2,60178"
Felix,4043,"36,868959","-2,657532"
Fines,4044,"37,358753","-2,262863"
Fiñana,4045,"37,171185","-2,840946"
Fondón,4046,"36,979731","-2,858784"
Gádor,4047,"36,954024","-2,493079"
Gallardos (Los),4048,"37,169521","-1,940058"
Garrucha,4049,"37,179377","-1,821953"
Gérgal,4050,"37,120625","-2,53806"
Huécija,4051,"36,968696","-2,610287"
Huércal de Almería,4052,"36,884734","-2,436113"
Huércal-Overa,4053,"37,390506","-1,943777"
Illar,4054,"36,985224","-2,639158"
Instinción,4055,"36,993251","-2,659915"
Laroya,4056,"37,296379","-2,331903"
Láujar de Andarax,4057,"36,994","-2,889521"
Líjar,4058,"37,295227","-2,220068"
Lubrín,4059,"37,215943","-2,067111"
Lucainena de las Torres,4060,"37,040185","-2,200936"
Lúcar,4061,"37,4011","-2,42424"
Macael,4062,"37,332129","-2,304833"
María,4063,"37,711233","-2,165775"
Mojácar,4064,"37,139911","-1,851279"
Mojonera (La),4903,"36,752626","-2,688378"
Nacimiento,4065,"37,105229","-2,647996"
Níjar,4066,"36,965668","-2,206326"
Ohanes,4067,"37,037354","-2,745141"
Olula de Castro,4068,"37,174722","-2,474033"
Olula del Río,4069,"37,352162","-2,298208"
Oria,4070,"37,485139","-2,295063"
Padules,4071,"36,998427","-2,772876"
Partaloa,4072,"37,405958","-2,226582"
Paterna del Río,4073,"37,021575","-2,952771"
Pechina,4074,"36,916373","-2,440549"
Pulpí,4075,"37,409687","-1,746669"
Purchena,4076,"37,348487","-2,360905"
Rágol,4077,"36,995486","-2,681"
Rioja,4078,"36,943907","-2,462431"
Roquetas de Mar,4079,"36,764468","-2,615305"
Santa Cruz de Marchena,4080,"37,016678","-2,603248"
Santa Fe de Mondújar,4081,"36,974847","-2,530658"
Senés,4082,"37,204588","-2,347449"
Serón,4083,"37,343639","-2,508749"
Sierro,4084,"37,32099","-2,399444"
Somontín,4085,"37,392458","-2,388426"
Sorbas,4086,"37,097995","-2,124218"
Suflí,4087,"37,338496","-2,389802"
Tabernas,4088,"37,049633","-2,392651"
Taberno,4089,"37,468207","-2,078566"
Tahal,4090,"37,227697","-2,284702"
Terque,4091,"36,983861","-2,597189"
Tíjola,4092,"37,345251","-2,439779"
Tres Villas (Las),4901,"37,134358","-2,712001"
Turre,4093,"37,152403","-1,894763"
Turrillas,4094,"37,029838","-2,265112"
Uleila del Campo,4095,"37,185045","-2,203628"
Urrácal,4096,"37,397203","-2,365522"
Velefique,4097,"37,193416","-2,402742"
Vélez-Blanco,4098,"37,690814","-2,095522"
Vélez-Rubio,4099,"37,647854","-2,074209"
Vera,4100,"37,246889","-1,868213"
Viator,4101,"36,889754","-2,426383"
Vícar,4102,"36,800205","-2,646388"
Zurgena,4103,"37,342604","-2,039624"
Alcalá de los Gazules,11001,"36,461918","-5,721263"
Alcalá del Valle,11002,"36,905025","-5,173264"
Algar,11003,"36,655279","-5,657568"
Algeciras,11004,"36,131684","-5,447767"
Algodonales,11005,"36,88073","-5,404604"
Arcos de la Frontera,11006,"36,747979","-5,806655"
Barbate,11007,"36,192893","-5,918854"
Barrios (Los),11008,"36,185533","-5,493038"
Benalup-Casas Viejas,11901,"36,346441","-5,812127"
Benaocaz,11009,"36,699493","-5,421256"
Bornos,11010,"36,815414","-5,744811"
Bosque (El),11011,"36,759293","-5,505291"
Cádiz (capital),11012,"36,529539","-6,292913"
Castellar de la Frontera,11013,"36,286044","-5,420114"
Chiclana de la Frontera,11015,"36,419699","-6,149286"
Chipiona,11016,"36,738002","-6,427671"
Conil de la Frontera,11014,"36,277038","-6,088055"
Espera,11017,"36,872679","-5,807175"
Gastor (El),11018,"36,854959","-5,323763"
Grazalema,11019,"36,758926","-5,366331"
Jerez de la Frontera,11020,"36,682877","-6,138431"
Jimena de la Frontera,11021,"36,434101","-5,453467"
Línea de la Concepción (La),11022,"36,160504","-5,351808"
Medina-Sidonia,11023,"36,456057","-5,927587"
Olvera,11024,"36,935369","-5,267563"
Paterna de Rivera,11025,"36,523191","-5,865788"
Prado del Rey,11026,"36,787564","-5,556617"
Puerto de Santa María (El),11027,"36,594655","-6,22782"
Puerto Real,11028,"36,528874","-6,192335"
Puerto Serrano,11029,"36,923848","-5,544358"
Rota,11030,"36,61842","-6,358085"
San Fernando,11031,"36,464911","-6,198771"
San José del Valle,11902,"36,605476","-5,79884"
San Roque,11033,"36,209636","-5,383813"
Sanlúcar de Barrameda,11032,"36,775012","-6,354649"
Setenil de las Bodegas,11034,"36,863958","-5,181404"
Tarifa,11035,"36,011581","-5,602094"
Torre Alháquime,11036,"36,915884","-5,234348"
Trebujena,11037,"36,869573","-6,176709"
Ubrique,11038,"36,677459","-5,443146"
Vejer de la Frontera,11039,"36,253361","-5,962855"
Villaluenga del Rosario,11040,"36,696409","-5,38633"
Villamartín,11041,"36,861156","-5,641523"
Zahara,11042,"36,840627","-5,390829"
Adamuz,14001,"38,027443","-4,524987"
Aguilar de la Frontera,14002,"37,515012","-4,656169"
Alcaracejos,14003,"38,388257","-4,967698"
Almedinilla,14004,"37,439002","-4,090714"
Almodóvar del Río,14005,"37,809532","-5,019826"
Añora,14006,"38,412229","-4,897914"
Baena,14007,"37,614388","-4,326432"
Belalcázar,14008,"38,578395","-5,167082"
Belmez,14009,"38,272403","-5,208721"
Benamejí,14010,"37,267541","-4,540447"
Blázquez (Los),14011,"38,406687","-5,438429"
Bujalance,14012,"37,897009","-4,382645"
Cabra,14013,"37,473344","-4,442479"
Cañete de las Torres,14014,"37,867528","-4,318804"
Carcabuey,14015,"37,443627","-4,273624"
Cardeña,14016,"38,270286","-4,323764"
Carlota (La),14017,"37,673578","-4,932812"
Carpio (El),14018,"37,940665","-4,498684"
Castro del Río,14019,"37,688753","-4,481677"
Conquista,14020,"38,408172","-4,501055"
Córdoba (capital),14021,"37,884984","-4,776235"
Doña Mencía,14022,"37,55447","-4,357639"
Dos Torres,14023,"38,445221","-4,894762"
Encinas Reales,14024,"37,272804","-4,487471"
Espejo,14025,"37,682438","-4,55225"
Espiel,14026,"38,188604","-5,018259"
Fernán-Núñez,14027,"37,671937","-4,724009"
Fuente la Lancha,14028,"38,422586","-5,048896"
Fuente Obejuna,14029,"38,267027","-5,419849"
Fuente Palmera,14030,"37,703505","-5,103925"
Fuente-Tójar,14031,"37,5093","-4,145245"
Granjuela (La),14032,"38,371032","-5,351398"
Guadalcázar,14033,"37,757421","-4,944792"
Guijo (El),14034,"38,496128","-4,782865"
Hinojosa del Duque,14035,"38,499452","-5,152051"
Hornachuelos,14036,"37,830749","-5,243372"
Iznájar,14037,"37,257258","-4,308411"
Lucena,14038,"37,408854","-4,485644"
Luque,14039,"37,559418","-4,276476"
Montalbán de Córdoba,14040,"37,582839","-4,749802"
Montemayor,14041,"37,648243","-4,699232"
Montilla,14042,"37,586221","-4,640479"
Montoro,14043,"38,026218","-4,381888"
Monturque,14044,"37,473342","-4,581772"
Moriles,14045,"37,435352","-4,608857"
Nueva Carteya,14046,"37,586209","-4,467187"
Obejo,14047,"38,134277","-4,800102"
Palenciana,14048,"37,249335","-4,583814"
Palma del Río,14049,"37,701711","-5,283386"
Pedro Abad,14050,"37,967199","-4,457219"
Pedroche,14051,"38,428729","-4,763228"
Peñarroya-Pueblonuevo,14052,"38,299784","-5,268556"
Posadas,14053,"37,800449","-5,107048"
Pozoblanco,14054,"38,377396","-4,848388"
Priego de Córdoba,14055,"37,438917","-4,194907"
Puente Genil,14056,"37,390452","-4,77043"
Rambla (La),14057,"37,607998","-4,742104"
Rute,14058,"37,325899","-4,37129"
San Sebastián de los Ballesteros,14059,"37,654722","-4,824905"
Santa Eufemia,14061,"38,595406","-4,902757"
Santaella,14060,"37,566401","-4,845447"
Torrecampo,14062,"38,475119","-4,679275"
Valenzuela,14063,"37,775477","-4,219725"
Valsequillo,14064,"38,40498","-5,351635"
Victoria (La),14065,"37,68106","-4,852287"
Villa del Río,14066,"37,982293","-4,290364"
Villafranca de Córdoba,14067,"37,961971","-4,546"
Villaharta,14068,"38,139569","-4,901534"
Villanueva de Córdoba,14069,"38,322916","-4,628366"
Villanueva del Duque,14070,"38,392914","-5,000235"
Villanueva del Rey,14071,"38,199697","-5,151431"
Villaralto,14072,"38,455682","-4,984342"
Villaviciosa de Córdoba,14073,"38,076236","-5,014256"
Viso (El),14074,"38,48269","-4,955481"
Zuheros,14075,"37,54354","-4,316572"
Agrón,18001,"37,030104","-3,829328"
Alamedilla,18002,"37,581725","-3,244387"
Albolote,18003,"37,230548","-3,657339"
Albondón,18004,"36,827281","-3,211111"
Albuñán,18005,"37,227319","-3,13335"
Albuñol,18006,"36,791937","-3,205847"
Albuñuelas,18007,"36,928082","-3,631948"
Aldeire,18010,"37,162661","-3,072466"
Alfacar,18011,"37,23668","-3,570867"
Algarinejo,18012,"37,324969","-4,158785"
Alhama de Granada,18013,"37,002333","-3,988115"
Alhendín,18014,"37,107916","-3,645331"
Alicún de Ortega,18015,"37,607501","-3,137822"
Almegíjar,18016,"36,902507","-3,299573"
Almuñécar,18017,"36,733935","-3,691159"
Alpujarra de la Sierra,18904,"36,980846","-3,155549"
Alquife,18018,"37,178857","-3,115089"
Arenas del Rey,18020,"36,957938","-3,894029"
Armilla,18021,"37,142924","-3,627869"
Atarfe,18022,"37,222655","-3,686485"
Baza,18023,"37,49064","-2,774403"
Beas de Granada,18024,"37,215584","-3,481557"
Beas de Guadix,18025,"37,27948","-3,205941"
Benalúa,18027,"37,350499","-3,166533"
Benalúa de las Villas,18028,"37,427462","-3,683348"
Benamaurel,18029,"37,608813","-2,698723"
Bérchules,18030,"36,976792","-3,190406"
Bubión,18032,"36,94882","-3,356736"
Busquístar,18033,"36,937765","-3,294789"
Cacín,18034,"37,059881","-3,917068"
Cádiar,18035,"36,946403","-3,180378"
Cájar,18036,"37,134215","-3,570766"
Calahorra (La),18114,"37,181375","-3,064416"
Calicasas,18037,"37,273452","-3,618514"
Campotéjar,18038,"37,481485","-3,616453"
Caniles,18039,"37,436252","-2,722161"
Cáñar,18040,"36,926103","-3,427846"
Capileira,18042,"36,96132","-3,35851"
Carataunas,18043,"36,922938","-3,40807"
Cástaras,18044,"36,931439","-3,25369"
Castilléjar,18045,"37,714635","-2,643025"
Castril,18046,"37,795671","-2,77872"
Cenes de la Vega,18047,"37,159494","-3,538663"
Chauchina,18059,"37,201197","-3,772831"
Chimeneas,18061,"37,131158","-3,823279"
Churriana de la Vega,18062,"37,147688","-3,645997"
Cijuela,18048,"37,19975","-3,810344"
Cogollos de Guadix,18049,"37,224425","-3,161329"
Cogollos de la Vega,18050,"37,274761","-3,574609"
Colomera,18051,"37,371653","-3,714027"
Cortes de Baza,18053,"37,655027","-2,769849"
Cortes y Graena,18054,"37,303739","-3,218759"
Cuevas del Campo,18912,"37,608653","-2,930687"
Cúllar,18056,"37,583537","-2,576013"
Cúllar Vega,18057,"37,153332","-3,670337"
Darro,18063,"37,349226","-3,292417"
Dehesas de Guadix,18064,"37,58872","-3,102209"
Dehesas Viejas,18065,"37,47259","-3,551874"
Deifontes,18066,"37,325209","-3,594458"
Diezma,18067,"37,321036","-3,331604"
Dílar,18068,"37,075173","-3,601891"
Dólar,18069,"37,180004","-2,989343"
Domingo Pérez de Granada,18915,"37,497209","-3,508484"
Dúdar,18070,"37,185748","-3,483683"
Dúrcal,18071,"36,987846","-3,565899"
Escúzar,18072,"37,061816","-3,761289"
Ferreira,18074,"37,172297","-3,036104"
Fonelas,18076,"37,413556","-3,173364"
Freila,18078,"37,528715","-2,906763"
Fuente Vaqueros,18079,"37,219592","-3,78308"
Gabias (Las),18905,"37,136481","-3,669222"
Galera,18082,"37,742936","-2,551189"
Gobernador,18083,"37,477373","-3,320578"
Gójar,18084,"37,104452","-3,605663"
Gor,18085,"37,36958","-2,969437"
Gorafe,18086,"37,479484","-3,042928"
Granada (capital),18087,"37,17433","-3,598653"
Guadahortuna,18088,"37,556468","-3,40077"
Guadix,18089,"37,300458","-3,134481"
Guajares (Los),18906,"36,841566","-3,584333"
Gualchos,18093,"36,722559","-3,35931"
Güejar Sierra,18094,"37,159859","-3,438513"
Güevéjar,18095,"37,256856","-3,597672"
Huélago,18096,"37,419788","-3,260167"
Huéneja,18097,"37,176897","-2,948302"
Huéscar,18098,"37,809532","-2,539589"
Huétor de Santillán,18099,"37,218314","-3,517341"
Huétor Tájar,18100,"37,194383","-4,047191"
Huétor Vega,18101,"37,145463","-3,569772"
Illora,18102,"37,288585","-3,879583"
Itrabo,18103,"36,799578","-3,638671"
Iznalloz,18105,"37,392578","-3,529837"
Jayena,18107,"36,948919","-3,822867"
Jerez del Marquesado,18108,"37,183902","-3,159787"
Jete,18109,"36,797355","-3,667876"
Jun,18111,"37,220706","-3,594422"
Juviles,18112,"36,948215","-3,225747"
Láchar,18115,"37,195029","-3,834029"
Lanjarón,18116,"36,918093","-3,480523"
Lanteira,18117,"37,168888","-3,138501"
Lecrín,18119,"36,947994","-3,550565"
Lentegí,18120,"36,834357","-3,6746"
Lobras,18121,"36,92914","-3,21245"
Loja,18122,"37,166604","-4,150049"
Lugros,18123,"37,229845","-3,240861"
Lújar,18124,"36,786705","-3,404706"
Malahá (La),18126,"37,101558","-3,722587"
Maracena,18127,"37,207232","-3,63439"
Marchal,18128,"37,296356","-3,202383"
Moclín,18132,"37,340044","-3,785836"
Molvízar,18133,"36,786816","-3,607438"
Monachil,18134,"37,131624","-3,539292"
Montefrío,18135,"37,320884","-4,01132"
Montejícar,18136,"37,57186","-3,503816"
Montillana,18137,"37,500051","-3,671881"
Moraleda de Zafayona,18138,"37,169735","-3,965105"
Morelábor,18909,"37,439236","-3,330814"
Motril,18140,"36,745091","-3,520302"
Murtas,18141,"36,887385","-3,108975"
Nevada,18903,"37,008294","-3,014593"
Nigüelas,18143,"36,977406","-3,539144"
Nívar,18144,"37,257919","-3,577942"
Ogíjares,18145,"37,120102","-3,606701"
Orce,18146,"37,721424","-2,479266"
Órgiva,18147,"36,902229","-3,423895"
Otívar,18148,"36,81495","-3,681488"
Otura,18149,"37,094342","-3,635014"
Padul,18150,"37,024364","-3,626671"
Pampaneira,18151,"36,940047","-3,361398"
Pedro Martínez,18152,"37,501711","-3,230609"
Peligros,18153,"37,230841","-3,628789"
Peza (La),18154,"37,27562","-3,284715"
Pinar (El),18910,"36,912791","-3,553768"
Pinos Genil,18157,"37,163243","-3,502917"
Pinos Puente,18158,"37,251665","-3,749438"
Píñar,18159,"37,442584","-3,44061"
Polícar,18161,"37,257355","-3,232839"
Polopos,18162,"36,746341","-3,278661"
Pórtugos,18163,"36,942339","-3,310296"
Puebla de Don Fadrique,18164,"37,95806","-2,434914"
Pulianas,18165,"37,222638","-3,608192"
Purullena,18167,"37,31755","-3,190846"
Quéntar,18168,"37,192063","-3,468211"
Rubite,18170,"36,808847","-3,347964"
Salar,18171,"37,152435","-4,066863"
Salobreña,18173,"36,743134","-3,588271"
Santa Cruz del Comercio,18174,"37,060523","-3,976348"
Santa Fe,18175,"37,18951","-3,718098"
Soportújar,18176,"36,928435","-3,40495"
Sorvilán,18177,"36,79437","-3,267336"
Taha (La),18901,"36,936019","-3,325925"
Torre-Cardela,18178,"37,504611","-3,355839"
Torvizcón,18179,"36,877897","-3,298511"
Trevélez,18180,"37,002515","-3,266432"
Turón,18181,"36,863656","-3,057704"
Ugíjar,18182,"36,960986","-3,05454"
Valderrubio,18914,"37,236024","-3,817556"
Valle (El),18902,"36,928986","-3,581625"
Valle del Zalabí,18907,"37,262526","-3,100058"
Válor,18183,"36,996329","-3,080909"
Vegas del Genil,18911,"37,171963","-3,665378"
Vélez de Benaudalla,18184,"36,831965","-3,516017"
Ventas de Huelma,18185,"37,066884","-3,821149"
Villamena,18908,"36,99081","-3,589366"
Villanueva de las Torres,18187,"37,556602","-3,090199"
Villanueva Mesía,18188,"37,214202","-4,011366"
Víznar,18189,"37,231138","-3,55388"
Zafarraya,18192,"36,973733","-4,141557"
Zagra,18913,"37,253533","-4,168099"
Zubia (La),18193,"37,120597","-3,584906"
Zújar,18194,"37,541053","-2,84211"
Fornes,18077,"36,95446","-3,855482"
Játar,18106,"36,934147","-3,9094"
Alájar,21001,"37,874717","-6,665922"
Aljaraque,21002,"37,271086","-7,021507"
Almendro (El),21003,"37,507055","-7,270293"
Almonaster la Real,21004,"37,87181","-6,787712"
Almonte,21005,"37,262293","-6,518126"
Alosno,21006,"37,549245","-7,113934"
Aracena,21007,"37,8921","-6,55961"
Aroche,21008,"37,944256","-6,953943"
Arroyomolinos de León,21009,"38,024684","-6,42384"
Ayamonte,21010,"37,214251","-7,409304"
Beas,21011,"37,426171","-6,792004"
Berrocal,21012,"37,608989","-6,542644"
Bollullos Par del Condado,21013,"37,335877","-6,535482"
Bonares,21014,"37,321604","-6,683188"
Cabezas Rubias,21015,"37,72564","-7,087043"
Cala,21016,"37,971878","-6,315515"
Calañas,21017,"37,654656","-6,878593"
Campillo (El),21018,"37,69324","-6,629671"
Campofrío,21019,"37,767421","-6,572638"
Cañaveral de León,21020,"38,014444","-6,527546"
Cartaya,21021,"37,282973","-7,155092"
Castaño del Robledo,21022,"37,895087","-6,70367"
Cerro de Andévalo (El),21023,"37,735233","-6,939448"
Chucena,21030,"37,361813","-6,393668"
Corteconcepción,21024,"37,895863","-6,506386"
Cortegana,21025,"37,910201","-6,820645"
Cortelazor,21026,"37,935812","-6,624681"
Cumbres de Enmedio,21027,"38,072467","-6,693135"
Cumbres de San Bartolomé,21028,"38,077346","-6,74326"
Cumbres Mayores,21029,"38,06235","-6,646758"
Encinasola,21031,"38,134898","-6,872594"
Escacena del Campo,21032,"37,410155","-6,389107"
Fuenteheridos,21033,"37,903759","-6,661149"
Galaroza,21034,"37,926461","-6,712125"
Gibraleón,21035,"37,374852","-6,970498"
Granada de Río-Tinto (La),21036,"37,768417","-6,508061"
Granado (El),21037,"37,52076","-7,416505"
Higuera de la Sierra,21038,"37,838157","-6,447506"
Hinojales,21039,"38,008693","-6,591407"
Hinojos,21040,"37,292538","-6,376469"
Huelva (capital),21041,"37,256739","-6,949734"
Isla Cristina,21042,"37,199458","-7,325079"
Jabugo,21043,"37,916798","-6,728944"
Lepe,21044,"37,254189","-7,203326"
Linares de la Sierra,21045,"37,879821","-6,620206"
Lucena del Puerto,21046,"37,303974","-6,730062"
Manzanilla,21047,"37,387962","-6,429294"
Marines (Los),21048,"37,903016","-6,623085"
Minas de Riotinto,21049,"37,693468","-6,591705"
Moguer,21050,"37,274516","-6,838557"
Nava (La),21051,"37,96364","-6,745434"
Nerva,21052,"37,695109","-6,550837"
Niebla,21053,"37,360291","-6,679246"
Palma del Condado (La),21054,"37,388147","-6,552489"
Palos de la Frontera,21055,"37,228504","-6,893729"
Paterna del Campo,21056,"37,421371","-6,402011"
Paymogo,21057,"37,740804","-7,346117"
Puebla de Guzmán,21058,"37,612901","-7,247412"
Puerto Moral,21059,"37,892861","-6,478227"
Punta Umbría,21060,"37,18061","-6,958823"
Rociana del Condado,21061,"37,30801","-6,598273"
Rosal de la Frontera,21062,"37,967379","-7,220409"
San Bartolomé de la Torre,21063,"37,446317","-7,106541"
San Juan del Puerto,21064,"37,314234","-6,84066"
San Silvestre de Guzmán,21066,"37,388418","-7,349871"
Sanlúcar de Guadiana,21065,"37,473144","-7,46765"
Santa Ana la Real,21067,"37,863988","-6,724827"
Santa Bárbara de Casa,21068,"37,796726","-7,189253"
Santa Olalla del Cala,21069,"37,90622","-6,229441"
Trigueros,21070,"37,383492","-6,83489"
Valdelarco,21071,"37,950666","-6,683443"
Valverde del Camino,21072,"37,573391","-6,753386"
Villablanca,21073,"37,303596","-7,341675"
Villalba del Alcor,21074,"37,397587","-6,477064"
Villanueva de las Cruces,21075,"37,627726","-7,024276"
Villanueva de los Castillejos,21076,"37,500646","-7,272717"
Villarrasa,21077,"37,390023","-6,606462"
Zalamea la Real,21078,"37,679867","-6,660916"
Zufre,21079,"37,834091","-6,338769"
Albanchez de Mágina,23001,"37,791609","-3,468438"
Alcalá la Real,23002,"37,463541","-3,925037"
Alcaudete,23003,"37,591023","-4,086685"
Aldeaquemada,23004,"38,411912","-3,371652"
Andújar,23005,"38,036749","-4,05448"
Arjona,23006,"37,936643","-4,055104"
Arjonilla,23007,"37,973553","-4,106816"
Arquillos,23008,"38,18205","-3,431089"
Arroyo del Ojanco,23905,"38,320926","-2,894915"
Baeza,23009,"37,99353","-3,469582"
Bailén,23010,"38,096026","-3,774887"
Baños de la Encina,23011,"38,171024","-3,774108"
Beas de Segura,23012,"38,252516","-2,890076"
Bedmar y Garcíez,23902,"37,822947","-3,411624"
Begíjar,23014,"37,984739","-3,534479"
Bélmez de la Moraleda,23015,"37,724204","-3,382346"
Benatae,23016,"38,352611","-2,650677"
Cabra del Santo Cristo,23017,"37,705112","-3,286057"
Cambil,23018,"37,677173","-3,565062"
Campillo de Arenas,23019,"37,555998","-3,635897"
Canena,23020,"38,048451","-3,481982"
Carboneros,23021,"38,229516","-3,631381"
Cárcheles,23901,"37,634415","-3,641079"
Carolina (La),23024,"38,274361","-3,615138"
Castellar,23025,"38,256139","-3,128785"
Castillo de Locubín,23026,"37,528294","-3,943778"
Cazalilla,23027,"37,984497","-3,88221"
Cazorla,23028,"37,910638","-3,001893"
Chiclana de Segura,23029,"38,312302","-3,042803"
Chilluévar,23030,"38,001452","-3,030893"
Escañuela,23031,"37,878579","-4,03309"
Espelúy,23032,"38,033097","-3,861839"
Frailes,23033,"37,485954","-3,837219"
Fuensanta de Martos,23034,"37,647606","-3,90546"
Fuerte del Rey,23035,"37,874076","-3,884152"
Génave,23037,"38,430154","-2,732817"
Guardia de Jaén (La),23038,"37,742481","-3,692987"
Guarromán,23039,"38,181448","-3,6865"
Higuera de Calatrava,23041,"37,797361","-4,155346"
Hinojares,23042,"37,715467","-2,999234"
Hornos,23043,"38,216663","-2,720453"
Huelma,23044,"37,65022","-3,459621"
Huesa,23045,"37,764212","-3,078262"
Ibros,23046,"38,022903","-3,50232"
Iruela (La),23047,"37,920461","-2,993969"
Iznatoraf,23048,"38,157677","-3,032711"
Jabalquinto,23049,"38,019321","-3,724011"
Jaén (capital),23050,"37,76451","-3,790981"
Jamilena,23051,"37,74717","-3,912256"
Jimena,23052,"37,841339","-3,476352"
Jódar,23053,"37,844247","-3,352858"
Lahiguera,23040,"37,970707","-3,989281"
Larva,23054,"37,759877","-3,202211"
Linares,23055,"38,093812","-3,636206"
Lopera,23056,"37,943603","-4,214981"
Lupión,23057,"37,99662","-3,546958"
Mancha Real,23058,"37,786522","-3,612644"
Marmolejo,23059,"38,044669","-4,170882"
Martos,23060,"37,722789","-3,965924"
Mengíbar,23061,"37,968441","-3,808595"
Montizón,23062,"38,342609","-3,103986"
Navas de San Juan,23063,"38,185102","-3,315514"
Noalejo,23064,"37,529498","-3,653725"
Orcera,23065,"38,317781","-2,659363"
Peal de Becerro,23066,"37,913146","-3,121496"
Pegalajar,23067,"37,737924","-3,650932"
Porcuna,23069,"37,870918","-4,184529"
Pozo Alcón,23070,"37,70515","-2,934247"
Puente de Génave,23071,"38,35346","-2,804388"
Puerta de Segura (La),23072,"38,348571","-2,737185"
Quesada,23073,"37,84513","-3,067683"
Rus,23074,"38,047905","-3,461907"
Sabiote,23075,"38,069146","-3,306575"
Santa Elena,23076,"38,339125","-3,539043"
Santiago de Calatrava,23077,"37,75306","-4,169481"
Santiago-Pontones,23904,"38,112698","-2,551625"
Santisteban del Puerto,23079,"38,247549","-3,206459"
Santo Tomé,23080,"38,02819","-3,101793"
Segura de la Sierra,23081,"38,2978","-2,651532"
Siles,23082,"38,387583","-2,581489"
Sorihuela del Guadalimar,23084,"38,23908","-3,054679"
Torre del Campo,23086,"37,770414","-3,897022"
Torreblascopedro,23085,"37,997572","-3,636622"
Torredonjimeno,23087,"37,765769","-3,95876"
Torreperogil,23088,"38,034622","-3,287702"
Torres,23090,"37,786082","-3,509667"
Torres de Albánchez,23091,"38,41433","-2,676966"
Úbeda,23092,"38,008069","-3,36789"
Valdepeñas de Jaén,23093,"37,590299","-3,819723"
Vilches,23094,"38,204719","-3,507691"
Villacarrillo,23095,"38,115416","-3,087534"
Villanueva de la Reina,23096,"38,005041","-3,919602"
Villanueva del Arzobispo,23097,"38,169294","-3,010185"
Villardompardo,23098,"37,839624","-4,001397"
Villares (Los),23099,"37,689351","-3,818487"
Villarrodrigo,23101,"38,48801","-2,636177"
Villatorres,23903,"37,939832","-3,72999"
Alameda,29001,"37,207774","-4,660575"
Alcaucín,29002,"36,902359","-4,114274"
Alfarnate,29003,"36,995167","-4,261057"
Alfarnatejo,29004,"36,979435","-4,272925"
Algarrobo,29005,"36,772643","-4,038978"
Algatocín,29006,"36,572789","-5,276554"
Alhaurín de la Torre,29007,"36,663365","-4,561152"
Alhaurín el Grande,29008,"36,641968","-4,691618"
Almáchar,29009,"36,809178","-4,217417"
Almargen,29010,"37,001316","-5,023091"
Almogía,29011,"36,825379","-4,540476"
Álora,29012,"36,82289","-4,70702"
Alozaina,29013,"36,727621","-4,856557"
Alpandeire,29014,"36,634274","-5,203044"
Antequera,29015,"37,019393","-4,56246"
Árchez,29016,"36,838545","-3,990114"
Archidona,29017,"37,094834","-4,387459"
Ardales,29018,"36,878021","-4,846607"
Arenas,29019,"36,81537","-4,045251"
Arriate,29020,"36,798845","-5,141867"
Atajate,29021,"36,64012","-5,245067"
Benadalid,29022,"36,606086","-5,268884"
Benahavís,29023,"36,524617","-5,046527"
Benalauría,29024,"36,594143","-5,261045"
Benalmádena,29025,"36,59504","-4,573271"
Benamargosa,29026,"36,834994","-4,194083"
Benamocarra,29027,"36,791154","-4,160346"
Benaoján,29028,"36,718802","-5,25313"
Benarrabá,29029,"36,551695","-5,276436"
Borge (El),29030,"36,814272","-4,233965"
Burgo (El),29031,"36,789058","-4,94682"
Campillos,29032,"37,044989","-4,8614"
Canillas de Aceituno,29033,"36,873299","-4,081781"
Canillas de Albaida,29034,"36,846336","-3,987589"
Cañete la Real,29035,"36,951601","-5,024117"
Carratraca,29036,"36,851607","-4,818123"
Cartajima,29037,"36,645738","-5,153835"
Cártama,29038,"36,709931","-4,631295"
Casabermeja,29039,"36,893025","-4,430079"
Casarabonela,29040,"36,785158","-4,842721"
Casares,29041,"36,444101","-5,272341"
Coín,29042,"36,658961","-4,760486"
Colmenar,29043,"36,905129","-4,335074"
Comares,29044,"36,848859","-4,246746"
Cómpeta,29045,"36,834247","-3,976666"
Cortes de la Frontera,29046,"36,616847","-5,342822"
Cuevas Bajas,29047,"37,235812","-4,487174"
Cuevas de San Marcos,29049,"37,269474","-4,414288"
Cuevas del Becerro,29048,"36,876364","-5,045744"
Cútar,29050,"36,831069","-4,228435"
Estepona,29051,"36,425529","-5,147395"
Faraján,29052,"36,616337","-5,188787"
Frigiliana,29053,"36,79257","-3,898092"
Fuengirola,29054,"36,53807","-4,623056"
Fuente de Piedra,29055,"37,135211","-4,729682"
Gaucín,29056,"36,518231","-5,317573"
Genalguacil,29057,"36,545284","-5,236041"
Guaro,29058,"36,656559","-4,833128"
Humilladero,29059,"37,114431","-4,702613"
Igualeja,29060,"36,631722","-5,121913"
Istán,29061,"36,582485","-4,949135"
Iznate,29062,"36,776079","-4,183539"
Jimera de Líbar,29063,"36,651531","-5,274192"
Jubrique,29064,"36,564308","-5,215091"
Júzcar,29065,"36,625418","-5,170291"
Macharaviaya,29066,"36,762404","-4,215166"
Málaga (capital),29067,"36,72034","-4,414939"
Manilva,29068,"36,376994","-5,249364"
Marbella,29069,"36,510523","-4,885085"
Mijas,29070,"36,59647","-4,636774"
Moclinejo,29071,"36,771333","-4,253764"
Mollina,29072,"37,125706","-4,656965"
Monda,29073,"36,630208","-4,832257"
Montecorto,29903,"36,815658","-5,296733"
Montejaque,29074,"36,733633","-5,25147"
Nerja,29075,"36,745569","-3,876723"
Ojén,29076,"36,564261","-4,856554"
Parauta,29077,"36,656032","-5,128802"
Periana,29079,"36,928499","-4,192059"
Pizarra,29080,"36,767264","-4,707717"
Pujerra,29081,"36,612681","-5,15026"
Rincón de la Victoria,29082,"36,715405","-4,285561"
Riogordo,29083,"36,914589","-4,293612"
Ronda,29084,"36,736957","-5,164807"
Salares,29085,"36,854313","-4,024233"
Sayalonga,29086,"36,79792","-4,01215"
Sedella,29087,"36,862758","-4,033305"
Serrato,29904,"36,886072","-4,981196"
Sierra de Yeguas,29088,"37,124676","-4,868671"
Teba,29089,"36,983382","-4,9206"
Tolox,29090,"36,687098","-4,904478"
Torremolinos,29901,"36,622266","-4,50056"
Torrox,29091,"36,758454","-3,952673"
Totalán,29092,"36,765541","-4,29731"
Valle de Abdalajís,29093,"36,931262","-4,682912"
Vélez-Málaga,29094,"36,783177","-4,102035"
Villanueva de Algaidas,29095,"37,185532","-4,450036"
Villanueva de la Concepción,29902,"36,932526","-4,528983"
Villanueva de Tapia,29098,"37,181893","-4,335472"
Villanueva del Rosario,29096,"36,996438","-4,364999"
Villanueva del Trabuco,29097,"37,02792","-4,338743"
Viñuela,29099,"36,861911","-4,141209"
Yunquera,29100,"36,73174","-4,920861"
Aguadulce,41001,"37,252739","-4,991359"
Alanís,41002,"38,037746","-5,715076"
Albaida del Aljarafe,41003,"37,426978","-6,166026"
Alcalá de Guadaíra,41004,"37,33384","-5,84913"
Alcalá del Río,41005,"37,518241","-5,978853"
Alcolea del Río,41006,"37,614445","-5,671275"
Algaba (La),41007,"37,461912","-6,014001"
Algámitas,41008,"37,016238","-5,150206"
Almadén de la Plata,41009,"37,873789","-6,080053"
Almensilla,41010,"37,309263","-6,114009"
Arahal,41011,"37,262524","-5,544516"
Aznalcázar,41012,"37,304025","-6,250828"
Aznalcóllar,41013,"37,523746","-6,269394"
Badolatosa,41014,"37,307874","-4,674225"
Benacazón,41015,"37,353479","-6,198981"
Bollullos de la Mitación,41016,"37,340361","-6,138735"
Bormujos,41017,"37,372226","-6,07128"
Brenes,41018,"37,55054","-5,873083"
Burguillos,41019,"37,585777","-5,967466"
Cabezas de San Juan (Las),41020,"36,981739","-5,94008"
Camas,41021,"37,400945","-6,03287"
Campana (La),41022,"37,569452","-5,426364"
Cantillana,41023,"37,60709","-5,826521"
Cañada Rosal,41901,"37,599343","-5,209635"
Carmona,41024,"37,472424","-5,638221"
Carrión de los Céspedes,41025,"37,368613","-6,32885"
Casariche,41026,"37,294457","-4,759777"
Castilblanco de los Arroyos,41027,"37,674969","-5,99014"
Castilleja de Guzmán,41028,"37,40897","-6,058209"
Castilleja de la Cuesta,41029,"37,386973","-6,05272"
Castilleja del Campo,41030,"37,385811","-6,334326"
Castillo de las Guardas (El),41031,"37,691785","-6,314303"
Cazalla de la Sierra,41032,"37,929704","-5,760459"
Constantina,41033,"37,872777","-5,618705"
Coria del Río,41034,"37,285217","-6,051526"
Coripe,41035,"36,970373","-5,440747"
Coronil (El),41036,"37,082367","-5,633263"
Corrales (Los),41037,"37,097617","-4,983118"
Cuervo de Sevilla (El),41903,"36,853431","-6,040733"
Dos Hermanas,41038,"37,283725","-5,922342"
Écija,41039,"37,540843","-5,080175"
Espartinas,41040,"37,380134","-6,123121"
Estepa,41041,"37,291767","-4,878185"
Fuentes de Andalucía,41042,"37,462179","-5,349098"
Garrobo (El),41043,"37,625346","-6,172389"
Gelves,41044,"37,336656","-6,025137"
Gerena,41045,"37,525625","-6,157673"
Gilena,41046,"37,251284","-4,913288"
Gines,41047,"37,387126","-6,078118"
Guadalcanal,41048,"38,092109","-5,820671"
Guillena,41049,"37,539237","-6,052099"
Herrera,41050,"37,364555","-4,850463"
Huévar del Aljarafe,41051,"37,356336","-6,276693"
Isla Mayor,41902,"37,131391","-6,165388"
Lantejuela (La),41052,"37,353758","-5,22303"
Lebrija,41053,"36,919673","-6,078565"
Lora de Estepa,41054,"37,26827","-4,827851"
Lora del Río,41055,"37,654545","-5,530762"
Luisiana (La),41056,"37,526347","-5,248579"
Madroño (El),41057,"37,645643","-6,512062"
Mairena del Alcor,41058,"37,373113","-5,747687"
Mairena del Aljarafe,41059,"37,344652","-6,065269"
Marchena,41060,"37,33009","-5,416085"
Marinaleda,41061,"37,369169","-4,960971"
Martín de la Jara,41062,"37,106582","-4,961842"
Molares (Los),41063,"37,155462","-5,719633"
Montellano,41064,"36,995725","-5,570829"
Morón de la Frontera,41065,"37,122228","-5,451985"
Navas de la Concepción (Las),41066,"37,93297","-5,465183"
Olivares,41067,"37,418894","-6,155864"
Osuna,41068,"37,237041","-5,102536"
Palacios y Villafranca (Los),41069,"37,158738","-5,924309"
Palomares del Río,41070,"37,322752","-6,05768"
Paradas,41071,"37,289793","-5,497195"
Pedrera,41072,"37,226251","-4,893513"
Pedroso (El),41073,"37,842229","-5,763444"
Peñaflor,41074,"37,707478","-5,346211"
Pilas,41075,"37,301617","-6,302494"
Pruna,41076,"36,971725","-5,220973"
Puebla de Cazalla (La),41077,"37,224411","-5,312343"
Puebla de los Infantes (La),41078,"37,778596","-5,388922"
Puebla del Río (La),41079,"37,267465","-6,062643"
Real de la Jara (El),41080,"37,950092","-6,15548"
Rinconada (La),41081,"37,487777","-5,979389"
Roda de Andalucía (La),41082,"37,201126","-4,779205"
Ronquillo (El),41083,"37,725483","-6,17708"
Rubio (El),41084,"37,355793","-4,988942"
Salteras,41085,"37,418261","-6,111646"
San Juan de Aznalfarache,41086,"37,359749","-6,027865"
San Nicolás del Puerto,41088,"37,993521","-5,653005"
Sanlúcar la Mayor,41087,"37,385657","-6,201656"
Santiponce,41089,"37,438926","-6,038483"
Saucejo (El),41090,"37,070037","-5,096528"
Sevilla (capital),41091,"37,38859","-5,9946"
Tocina,41092,"37,609887","-5,733054"
Tomares,41093,"37,373998","-6,045256"
Umbrete,41094,"37,369939","-6,158052"
Utrera,41095,"37,183119","-5,781334"
Valencina de la Concepción,41096,"37,416187","-6,076705"
Villamanrique de la Condesa,41097,"37,247588","-6,307045"
Villanueva de San Juan,41100,"37,050492","-5,176467"
Villanueva del Ariscal,41098,"37,395757","-6,141882"
Villanueva del Río y Minas,41099,"37,664289","-5,716611"
Villaverde del Río,41101,"37,588101","-5,873701"
Viso del Alcor (El),41102,"37,388278","-5,719318"
